,Company,Date,Agenda
0,Company Name,Date,Agenda
1,7NR Retail,14-Feb-2020,Quarterly Results
2,Frontline Sol,14-Feb-2020,Quarterly Results
3,S P Apparels,14-Feb-2020,Quarterly Results & Others
4,Arcotech,14-Feb-2020,Quarterly Results
5,Amtek Auto,14-Feb-2020,Quarterly Results
6,Apte Amalgam,14-Feb-2020,Quarterly Results
7,Automotive Axle,14-Feb-2020,Quarterly Results
8,Encore Software,14-Feb-2020,Quarterly Results
9,Ashari Agencies,14-Feb-2020,Quarterly Results
10,Assoc Alcohol,14-Feb-2020,Quarterly Results
11,Arihant Avenues,14-Feb-2020,Quarterly Results
12,Adithya Aqua,14-Feb-2020,Quarterly Results
13,Ansal Buildwell,14-Feb-2020,Quarterly Results
14,Gujarat Metal,14-Feb-2020,Quarterly Results
15,Aditri Industri,14-Feb-2020,Quarterly Results
16,Scan Projects,14-Feb-2020,Quarterly Results
17,Global Infra,14-Feb-2020,Quarterly Results
18,ACI Infocom,14-Feb-2020,Quarterly Results
19,Ahluwalia,14-Feb-2020,Quarterly Results
20,Auroma Coke Ltd,14-Feb-2020,Quarterly Results
21,Avonmore Cap,14-Feb-2020,Quarterly Results
22,Elixir Cap,14-Feb-2020,Quarterly Results
23,Rap Media,14-Feb-2020,Quarterly Results
24,Aarvee Denim,14-Feb-2020,Quarterly Results
25,Aarey Drugs,14-Feb-2020,Quarterly Results
26,Metalyst Forgin,14-Feb-2020,Quarterly Results
27,Vipul,14-Feb-2020,Quarterly Results
28,Midas Infra,14-Feb-2020,Quarterly Results
29,JMD Ventures,14-Feb-2020,Others
30,A F Ent,14-Feb-2020,Quarterly Results
31,Arihant Found,14-Feb-2020,Quarterly Results
32,Asian Flora Ltd,14-Feb-2020,Quarterly Results
33,Action Financia,14-Feb-2020,Quarterly Results
34,Aryaman Fin Ser,14-Feb-2020,Quarterly Results
35,Vaarad Ventures,14-Feb-2020,Quarterly Results
36,Apex Capital An,14-Feb-2020,Quarterly Results
37,Asian Hotel (W),14-Feb-2020,Quarterly Results
38,Addi Industries,14-Feb-2020,Quarterly Results
39,Aditya Ispat,14-Feb-2020,Quarterly Results & Others
40,Neo Infracon,14-Feb-2020,Quarterly Results
41,Arcee Ind,14-Feb-2020,Quarterly Results
42,Ashiana Ispat,14-Feb-2020,Quarterly Results
43,Atcom Tech,14-Feb-2020,Quarterly Results
44,Autolite India,14-Feb-2020,Quarterly Results
45,Anka Ind,14-Feb-2020,Quarterly Results
46,Anubhav Infra,14-Feb-2020,Quarterly Results
47,Aanchal Ispat,14-Feb-2020,Quarterly Results
48,Akash Infraproj,14-Feb-2020,Quarterly Results
49,Aptus Ind,14-Feb-2020,Quarterly Results
50,Arfin India,14-Feb-2020,Quarterly Results
51,AI Champdany,14-Feb-2020,Quarterly Results
52,Panorama Studio,14-Feb-2020,Quarterly Results
53,Authum Invest,14-Feb-2020,Quarterly Results & Others
54,Autoriders Intl,14-Feb-2020,Quarterly Results
55,Alliance Integ,14-Feb-2020,Quarterly Results
56,ARSS Infra,14-Feb-2020,Quarterly Results
57,Hiliks Tech,14-Feb-2020,Quarterly Results
58,Ardi Investment,14-Feb-2020,Quarterly Results
59,Apoorva Leasing,14-Feb-2020,Quarterly Results
60,Sarthak Ind,14-Feb-2020,Quarterly Results
61,Aananda Lakshmi,14-Feb-2020,Quarterly Results
62,Ador Multi,14-Feb-2020,Quarterly Results
63,Advance Multi,14-Feb-2020,Quarterly Results
64,Ankit Metal,14-Feb-2020,Quarterly Results
65,A2Z Infra Eng,14-Feb-2020,Quarterly Results
66,Ace Men Engg Wo,14-Feb-2020,Quarterly Results & Stock Split
67,Alps Motor Fin,14-Feb-2020,Quarterly Results
68,Amin Tannery,14-Feb-2020,Quarterly Results
69,Avon Mercantile,14-Feb-2020,Quarterly Results
70,Advance Meter,14-Feb-2020,Quarterly Results
71,Ador Welding,14-Feb-2020,Quarterly Results & Interim Dividend
72,Avon Life,14-Feb-2020,Quarterly Results
73,Asian Oilfield,14-Feb-2020,Quarterly Results
74,Advance Petro,14-Feb-2020,Quarterly Results
75,Asia Pack,14-Feb-2020,Quarterly Results
76,Hind Aluminium,14-Feb-2020,Quarterly Results
77,Auto Pins(I),14-Feb-2020,Quarterly Results
78,Ashutosh Paper ,14-Feb-2020,Quarterly Results
79,ARC Finance,14-Feb-2020,Quarterly Results
80,Anant Raj,14-Feb-2020,Quarterly Results
81,Ace Software,14-Feb-2020,Quarterly Results
82,Advance Syntex ,14-Feb-2020,Quarterly Results
83,Ace Soft Export,14-Feb-2020,Quarterly Results
84,Alfavision Sec,14-Feb-2020,Quarterly Results
85,Apollo Sindoori,14-Feb-2020,Quarterly Results
86,Akme Star,14-Feb-2020,Quarterly Results & Others
87,Ashnisha Indust,14-Feb-2020,Quarterly Results
88,Assoc Stone,14-Feb-2020,Quarterly Results
89,Alan Scott Ind,14-Feb-2020,Quarterly Results
90,Amit Spinning,14-Feb-2020,Quarterly Results
91,Aamcol Tools,14-Feb-2020,Quarterly Results
92,ADINATH TEXTILE,14-Feb-2020,Quarterly Results
93,Akar Auto Indus,14-Feb-2020,Quarterly Results
94,Asian Tea Expo,14-Feb-2020,Quarterly Results
95,Alna Trading,14-Feb-2020,Quarterly Results
96,RRIL,14-Feb-2020,Quarterly Results
97,AVI Photochem,14-Feb-2020,Quarterly Results
98,AVTIL Ent,14-Feb-2020,Quarterly Results
99,Andrew Yule,14-Feb-2020,Quarterly Results
100,Binny,14-Feb-2020,Quarterly Results
101,BAMPSL Sec,14-Feb-2020,Quarterly Results
102,B and A,14-Feb-2020,Quarterly Results
103,Bannari A Spg,14-Feb-2020,Quarterly Results
104,TGB Banquets,14-Feb-2020,Quarterly Results
105,Agarwal Ind,14-Feb-2020,Quarterly Results
106,Bee-am Chemical,14-Feb-2020,Quarterly Results
107,Bodhtree Cons,14-Feb-2020,Quarterly Results
108,Biofil Chem,14-Feb-2020,Quarterly Results
109,Blue Cloud,14-Feb-2020,Quarterly Results
110,Baroda Extrusio,14-Feb-2020,Quarterly Results
111,Bobshell Electr,14-Feb-2020,Quarterly Results
112,ABC Gas,14-Feb-2020,Quarterly Results
113,Best Eastern,14-Feb-2020,Quarterly Results
114,BGR Energy,14-Feb-2020,Quarterly Results
115,Bil Energy,14-Feb-2020,Quarterly Results
116,Bangalore Fort,14-Feb-2020,Quarterly Results
117,BF Utilities,14-Feb-2020,Quarterly Results
118,Bhakti Gems,14-Feb-2020,Quarterly Results
119,Bio Green Paper,14-Feb-2020,Quarterly Results
120,Bhandari Hosier,14-Feb-2020,Quarterly Results
121,Visagar Polytex,14-Feb-2020,Quarterly Results
122,Balkrishna Ind,14-Feb-2020,Quarterly Results & Interim Dividend
123,Bhartiya Inter,14-Feb-2020,Quarterly Results
124,BIL Continental,14-Feb-2020,Quarterly Results & Others
125,Bloom Ind,14-Feb-2020,Quarterly Results
126,Baron Infotech,14-Feb-2020,Quarterly Results
127,Brooks Labs,14-Feb-2020,Quarterly Results
128,Pradhin,14-Feb-2020,Quarterly Results
129,BMB Music,14-Feb-2020,Quarterly Results
130,Brady and Morri,14-Feb-2020,Quarterly Results
131,Beekay Niryat,14-Feb-2020,Quarterly Results & Others
132,Bisil Plast,14-Feb-2020,Quarterly Results
133,Banco Products,14-Feb-2020,Quarterly Results
134,Bombay Rayon,14-Feb-2020,Quarterly Results
135,Banswara Syntex,14-Feb-2020,Quarterly Results
136,Reliance Infra,14-Feb-2020,Quarterly Results
137,Bihar Sponge,14-Feb-2020,Quarterly Results
138,Bharat Texts,14-Feb-2020,Quarterly Results
139,Capital India,14-Feb-2020,Quarterly Results
140,Binayaka Tex,14-Feb-2020,Quarterly Results
141,Cranex,14-Feb-2020,Quarterly Results
142,Crestchem,14-Feb-2020,Quarterly Results
143,Competent Auto,14-Feb-2020,Quarterly Results
144,Choksi Labs,14-Feb-2020,Quarterly Results
145,Clariant Chem,14-Feb-2020,Quarterly Results
146,Cheviot Company,14-Feb-2020,Interim Dividend
147,Cinerad Comm,14-Feb-2020,Quarterly Results
148,Corp Courier,14-Feb-2020,Quarterly Results
149,Cat Technologie,14-Feb-2020,Quarterly Results
150,Suraj Products,14-Feb-2020,Quarterly Results
151,Cressanda Sol,14-Feb-2020,Quarterly Results
152,Concrete Credit,14-Feb-2020,Quarterly Results
153,CHD Chemicals,14-Feb-2020,Quarterly Results
154,Coventry Coil,14-Feb-2020,Quarterly Results
155,Chromatic India,14-Feb-2020,Quarterly Results
156,DECIPHER LABS,14-Feb-2020,Quarterly Results
157,Chandni Textile,14-Feb-2020,Quarterly Results
158,Ceenik Exports,14-Feb-2020,Quarterly Results
159,Choice Internat,14-Feb-2020,Quarterly Results
160,Cindrella Fin,14-Feb-2020,Quarterly Results
161,CG Power ,14-Feb-2020,Quarterly Results
162,Devine Impex,14-Feb-2020,Quarterly Results
163,Classic GlobeSe,14-Feb-2020,Quarterly Results
164,Cindrella Hotel,14-Feb-2020,Quarterly Results
165,CM,14-Feb-2020,Quarterly Results
166,Ceeta Industrie,14-Feb-2020,Quarterly Results
167,Cenlub,14-Feb-2020,Quarterly Results
168,AJEL,14-Feb-2020,Quarterly Results
169,Containerway,14-Feb-2020,Quarterly Results
170,Cosco India,14-Feb-2020,Quarterly Results
171,Capfin India,14-Feb-2020,Quarterly Results
172,Coral India Fin,14-Feb-2020,Quarterly Results
173,Chankya Investm,14-Feb-2020,Quarterly Results
174,Consecutive Inv,14-Feb-2020,Quarterly Results
175,Celestial Bio,14-Feb-2020,Quarterly Results
176,Crescent Leasin,14-Feb-2020,Quarterly Results
177,Containerway In,14-Feb-2020,Quarterly Results
178,Chadha Paper,14-Feb-2020,Quarterly Results
179,Coastal Roadway,14-Feb-2020,Quarterly Results
180,Cantabil Retail,14-Feb-2020,Quarterly Results
181,Contech Soft,14-Feb-2020,Quarterly Results
182,Suvidha Infra,14-Feb-2020,Quarterly Results
183,Morgan Ventures,14-Feb-2020,Quarterly Results
184,Diamant Infra,14-Feb-2020,Quarterly Results
185,DCM,14-Feb-2020,Quarterly Results
186,Devhari Exports,14-Feb-2020,Quarterly Results
187,Pooja Entertain,14-Feb-2020,Quarterly Results
188,Dhanashree Elec,14-Feb-2020,Quarterly Results
189,Divinus Fabrics,14-Feb-2020,Quarterly Results
190,Windsor,14-Feb-2020,Quarterly Results
191,Pacheli Ind,14-Feb-2020,Quarterly Results
192,Dhampure Specia,14-Feb-2020,Quarterly Results
193,Dalmia Industri,14-Feb-2020,Quarterly Results
194,Dhan Jeevan,14-Feb-2020,Quarterly Results
195,Divya Jyoti Ind,14-Feb-2020,Quarterly Results
196,DJS Stock,14-Feb-2020,Quarterly Results & Others
197,Dee-Kartavya,14-Feb-2020,Quarterly Results
198,Delta Leasing,14-Feb-2020,Quarterly Results
199,La Tim Metal,14-Feb-2020,Quarterly Results & Others
200,Darshan Orna,14-Feb-2020,Quarterly Results
201,Dhabriya Poly,14-Feb-2020,Quarterly Results
202,Dynemic Product,14-Feb-2020,Quarterly Results & Interim Dividend
203,Deccan Poly,14-Feb-2020,Quarterly Results
204,Dhanlaxmi Roto,14-Feb-2020,Quarterly Results
205,DSJ Comm,14-Feb-2020,Quarterly Results
206,Damodar Ind,14-Feb-2020,Quarterly Results
207,Dwitiya Trading,14-Feb-2020,Quarterly Results
208,Ducon Infratech,14-Feb-2020,Quarterly Results
209,Victoria Ent,14-Feb-2020,Quarterly Results
210,Cranes Software,14-Feb-2020,Quarterly Results
211,Edelweiss,14-Feb-2020,Quarterly Results
212,Elegant Flori,14-Feb-2020,Quarterly Results & Others
213,Elpro Int,14-Feb-2020,Quarterly Results
214,Empire Ind,14-Feb-2020,Quarterly Results
215,Emami Realty ,14-Feb-2020,Quarterly Results
216,Eveready Ind,14-Feb-2020,Quarterly Results
217,Esaar (India),14-Feb-2020,Quarterly Results
218,Emmsons Intl,14-Feb-2020,Quarterly Results
219,Eris Life,14-Feb-2020,Quarterly Results
220,Emerald Leasing,14-Feb-2020,Quarterly Results
221,Embassy Office ,14-Feb-2020,Quarterly Results & Others
222,Ellora Paper,14-Feb-2020,Quarterly Results
223,Square Four,14-Feb-2020,Quarterly Results
224,Bansisons Tea,14-Feb-2020,Quarterly Results
225,Econo Trade,14-Feb-2020,Quarterly Results
226,Blue Pearl Texs,14-Feb-2020,Quarterly Results
227,Centerac Tech,14-Feb-2020,Quarterly Results
228,Fluidomat,14-Feb-2020,Quarterly Results
229,Ferro Alloys,14-Feb-2020,Quarterly Results
230,Finolex Cables,14-Feb-2020,Quarterly Results
231,First Custodian,14-Feb-2020,Quarterly Results
232,Foundry Fuel,14-Feb-2020,Quarterly Results
233,Frontline Finan,14-Feb-2020,Quarterly Results
234,Forbes Gokak,14-Feb-2020,Quarterly Results
235,Fortis Health,14-Feb-2020,Quarterly Results
236,Filatex India,14-Feb-2020,Quarterly Results
237,Intense Tech,14-Feb-2020,Quarterly Results
238,Flexituff Ventu,14-Feb-2020,Quarterly Results
239,Focus Ind,14-Feb-2020,Quarterly Results
240,SSK Lifestyles,14-Feb-2020,Quarterly Results
241,Futuristic Sec,14-Feb-2020,Quarterly Results
242,Palred Tech,14-Feb-2020,Quarterly Results
243,Funny Software,14-Feb-2020,Quarterly Results
244,Frontline Trans,14-Feb-2020,Quarterly Results
245,Gillanders Arbu,14-Feb-2020,Quarterly Results
246,Genera Agri,14-Feb-2020,Quarterly Results
247,Gujarat Apollo,14-Feb-2020,Quarterly Results
248,Him Teknoforge ,14-Feb-2020,Quarterly Results
249,GSS Infotech,14-Feb-2020,Quarterly Results
250,Gayatri Highway,14-Feb-2020,Quarterly Results
251,Gujarat Bitumen,14-Feb-2020,Quarterly Results
252,Garnet Construc,14-Feb-2020,Quarterly Results
253,Garodia Chemica,14-Feb-2020,Quarterly Results
254,Guj Craft Ind,14-Feb-2020,Quarterly Results
255,GDL Leasing,14-Feb-2020,Quarterly Results
256,G.D. Trading,14-Feb-2020,Quarterly Results
257,Garg Furnace,14-Feb-2020,Quarterly Results
258,GFL,14-Feb-2020,Quarterly Results
259,Glance Fin,14-Feb-2020,Quarterly Results
260,Mudunuru,14-Feb-2020,Quarterly Results
261,Glittke Granite,14-Feb-2020,Quarterly Results
262,Gabriel India,14-Feb-2020,Quarterly Results
263,India Infra,14-Feb-2020,Quarterly Results
264,Graphite India,14-Feb-2020,Quarterly Results
265,Zodiac Ventures,14-Feb-2020,Quarterly Results
266,Golden Legend,14-Feb-2020,Quarterly Results
267,Good Luck,14-Feb-2020,Quarterly Results
268,Gaekwar Mills,14-Feb-2020,Quarterly Results
269,Guj Petrosynth,14-Feb-2020,Quarterly Results
270,Glenmark,14-Feb-2020,Quarterly Results & Others
271,Gayatri Project,14-Feb-2020,Quarterly Results
272,GRM Overseas,14-Feb-2020,Quarterly Results
273,Garware Synth,14-Feb-2020,Quarterly Results
274,U. Y. Fincorp,14-Feb-2020,Quarterly Results
275,Nihar Info,14-Feb-2020,Quarterly Results
276,GS Auto,14-Feb-2020,Quarterly Results
277,Gem Spinners,14-Feb-2020,Quarterly Results
278,GSL Securities,14-Feb-2020,Quarterly Results & Others
279,Gajanan Sec,14-Feb-2020,Quarterly Results
280,Gokak Textiles,14-Feb-2020,Quarterly Results
281,Lykis,14-Feb-2020,Quarterly Results
282,Gujarat Fluoro,14-Feb-2020,Quarterly Results
283,Genomic Valley,14-Feb-2020,Quarterly Results
284,GV Films,14-Feb-2020,Quarterly Results
285,GVK Power,14-Feb-2020,Quarterly Results
286,Veljan Denison,14-Feb-2020,Quarterly Results & Interim Dividend
287,Hira Auto,14-Feb-2020,Quarterly Results
288,Haria Apparels,14-Feb-2020,Quarterly Results
289,Halder Venture,14-Feb-2020,Quarterly Results
290,HTE,14-Feb-2020,Quarterly Results & Others
291,Hind Commerce,14-Feb-2020,Quarterly Results
292,Haria Exports,14-Feb-2020,Quarterly Results
293,HPL Electric & ,14-Feb-2020,Quarterly Results
294,Him Fibres,14-Feb-2020,Quarterly Results
295,SRM Energy,14-Feb-2020,Quarterly Results
296,Hasti Finance,14-Feb-2020,Quarterly Results
297,Hem Holdings,14-Feb-2020,Quarterly Results
298,Heera Ispat,14-Feb-2020,Quarterly Results
299,Mindteck,14-Feb-2020,Quarterly Results
300,HICS Cements,14-Feb-2020,Quarterly Results & Others
301,Hemkunta Ind,14-Feb-2020,Quarterly Results
302,HMT,14-Feb-2020,Quarterly Results
303,Hind Org Chem,14-Feb-2020,Quarterly Results
304,HOV Services,14-Feb-2020,Quarterly Results
305,Dhenu Buildcon,14-Feb-2020,Quarterly Results
306,Hytone Synth,14-Feb-2020,Quarterly Results & Dividend
307,Hind Securities,14-Feb-2020,Quarterly Results
308,Viaan Ind,14-Feb-2020,Quarterly Results & Others
309,Hisar Spinning,14-Feb-2020,Quarterly Results
310,Hindustan Udyog,14-Feb-2020,Quarterly Results
311,Nilachal Refra,14-Feb-2020,Quarterly Results
312,India Steel,14-Feb-2020,Quarterly Results & Others
313,Indo Amines,14-Feb-2020,Quarterly Results
314,Kemistar Corp,14-Feb-2020,Quarterly Results
315,Eon Electric,14-Feb-2020,Quarterly Results
316,Yuvraaj Hygiene,14-Feb-2020,Quarterly Results
317,IB Infotech Ent,14-Feb-2020,Quarterly Results
318,Intl Conveyor,14-Feb-2020,Quarterly Results
319,Ram Minerals,14-Feb-2020,Quarterly Results
320,Intellect Desig,14-Feb-2020,Quarterly Results
321,Ishan Dyes,14-Feb-2020,Quarterly Results
322,Indowind Energy,14-Feb-2020,Quarterly Results
323,IEC Education,14-Feb-2020,Quarterly Results
324,Interactive Fin,14-Feb-2020,Quarterly Results
325,Impex FerroTech,14-Feb-2020,Quarterly Results
326,Indo-Global Ent,14-Feb-2020,Quarterly Results
327,Ishaan Infrastr,14-Feb-2020,Quarterly Results
328,IRB Infra,14-Feb-2020,Quarterly Results
329,Industrial Inv,14-Feb-2020,Quarterly Results
330,IKF Tech,14-Feb-2020,Quarterly Results & Dividend
331,Indian Infotech,14-Feb-2020,Quarterly Results
332,Indian LinkChai,14-Feb-2020,Quarterly Results & Others
333,Inani Marbles,14-Feb-2020,Quarterly Results
334,PanasonicCarbon,14-Feb-2020,Quarterly Results
335,Invicta Meditek,14-Feb-2020,Quarterly Results
336,Inland Printers,14-Feb-2020,Quarterly Results
337,Firstobject Tec,14-Feb-2020,Quarterly Results
338,Indo Rama Synth,14-Feb-2020,Quarterly Results
339,Inani Sec,14-Feb-2020,Quarterly Results
340,Infronics Syst,14-Feb-2020,Quarterly Results
341,Integrated Ther,14-Feb-2020,Quarterly Results
342,Quadrant Tele,14-Feb-2020,Quarterly Results
343,Innovative Tech,14-Feb-2020,Quarterly Results
344,IVRCL,14-Feb-2020,Quarterly Results
345,Indiabulls Inte,14-Feb-2020,Quarterly Results
346,JBF Industries,14-Feb-2020,Quarterly Results
347,Jai Balaji Ind,14-Feb-2020,Quarterly Results
348,JCT,14-Feb-2020,Quarterly Results
349,Jindal Capital,14-Feb-2020,Quarterly Results
350,Joindre Capital,14-Feb-2020,Quarterly Results
351,Jindal Cotex,14-Feb-2020,Quarterly Results
352,Jyotirgamya Ent,14-Feb-2020,Quarterly Results
353,Jash Engineerin,14-Feb-2020,Quarterly Results
354,Jiya Eco,14-Feb-2020,Quarterly Results
355,Starcom Info,14-Feb-2020,Quarterly Results
356,Jagsonpal Fin,14-Feb-2020,Quarterly Results
357,Jumbo Finance,14-Feb-2020,Quarterly Results
358,Jai Hind Synth,14-Feb-2020,Quarterly Results
359,Jagatjit Ind,14-Feb-2020,Quarterly Results
360,Jhunjhunu Inv,14-Feb-2020,Quarterly Results
361,Jupiter Infomed,14-Feb-2020,Quarterly Results
362,Jain Irrigation,14-Feb-2020,Quarterly Results
363,JISL,14-Feb-2020,Quarterly Results
364,Jindal Leasefin,14-Feb-2020,Quarterly Results
365,Alexander Stamp,14-Feb-2020,Quarterly Results
366,Retro Green Rev,14-Feb-2020,Quarterly Results
367,Jai Mata Glass,14-Feb-2020,Quarterly Results
368,Jauss Polymers,14-Feb-2020,Quarterly Results
369,Jindal Photo,14-Feb-2020,Quarterly Results
370,Consol Finvest,14-Feb-2020,Quarterly Results
371,Jainco Projects,14-Feb-2020,Quarterly Results
372,Jindal Poly Inv,14-Feb-2020,Quarterly Results
373,Jattashankar,14-Feb-2020,Quarterly Results
374,Aadi Industries,14-Feb-2020,Quarterly Results
375,J R Foods Ltd,14-Feb-2020,Quarterly Results
376,Jindal (Hisar),14-Feb-2020,Quarterly Results
377,Jeevan Scient,14-Feb-2020,Quarterly Results
378,Jay Ushin,14-Feb-2020,Quarterly Results
379,Kailash Auto,14-Feb-2020,Quarterly Results
380,Kirloskar Bros,14-Feb-2020,Quarterly Results & Interim Dividend
381,Kilburn Chem,14-Feb-2020,Quarterly Results
382,KCL Infrra,14-Feb-2020,Quarterly Results & Others
383,Kemp and Co,14-Feb-2020,Quarterly Results
384,Kabra Comm,14-Feb-2020,Quarterly Results
385,Karda Construct,14-Feb-2020,Quarterly Results
386,Kwality Credit ,14-Feb-2020,Quarterly Results
387,KDDL,14-Feb-2020,Quarterly Results
388,Kilitch Drugs,14-Feb-2020,Quarterly Results & Others
389,Kwality,14-Feb-2020,Quarterly Results
390,Kesar Ent,14-Feb-2020,Quarterly Results
391,Karma Energy,14-Feb-2020,Quarterly Results
392,Kirl Electric,14-Feb-2020,Quarterly Results
393,KSK Energy Vent,14-Feb-2020,Quarterly Results
394,Unistar Multime,14-Feb-2020,Quarterly Results
395,Sagar Product,14-Feb-2020,Quarterly Results
396,Karnavati Fin,14-Feb-2020,Quarterly Results
397,Kanungo Financi,14-Feb-2020,Quarterly Results
398,KFA Corporation,14-Feb-2020,Quarterly Results
399,Ken Financial,14-Feb-2020,Quarterly Results
400,KG Denim,14-Feb-2020,Quarterly Results
401,Kkalpana Ind,14-Feb-2020,Quarterly Results
402,Kamanwala,14-Feb-2020,Quarterly Results
403,Kiduja India,14-Feb-2020,Quarterly Results
404,Kabsons Ind,14-Feb-2020,Quarterly Results
405,Krypton,14-Feb-2020,Quarterly Results
406,Khaitan,14-Feb-2020,Quarterly Results & Others
407,Kaushalya Infra,14-Feb-2020,Quarterly Results
408,Indsoya,14-Feb-2020,Quarterly Results
409,Kashiram Jain,14-Feb-2020,Quarterly Results
410,Tulive Develop,14-Feb-2020,Quarterly Results
411,Kamron Labs,14-Feb-2020,Quarterly Results
412,Kshitiz Leasing,14-Feb-2020,Quarterly Results
413,KLK Electrical,14-Feb-2020,Quarterly Results
414,KLRF,14-Feb-2020,Quarterly Results
415,Kutch Minerals,14-Feb-2020,Quarterly Results
416,KMF Builders,14-Feb-2020,Quarterly Results
417,KM Sugar Mills,14-Feb-2020,Quarterly Results
418,Ganga Papers,14-Feb-2020,Quarterly Results
419,Agio Paper,14-Feb-2020,Quarterly Results
420,Khyati Multimed,14-Feb-2020,Quarterly Results
421,Atlanta Infra,14-Feb-2020,Quarterly Results
422,Konark Synth,14-Feb-2020,Quarterly Results
423,Kallam Spinning,14-Feb-2020,Quarterly Results
424,Kinetic Trust,14-Feb-2020,Quarterly Results
425,Parnax Lab,14-Feb-2020,Quarterly Results
426,Kavveri Telecom,14-Feb-2020,Quarterly Results
427,Canopy,14-Feb-2020,Quarterly Results & Stock Split
428,Karan Woo-Sin,14-Feb-2020,Quarterly Results
429,Lypsa Gems,14-Feb-2020,Quarterly Results & Others
430,Brightcom Group,14-Feb-2020,Quarterly Results
431,Leading Leasing,14-Feb-2020,Quarterly Results
432,Sanblue Corp,14-Feb-2020,Quarterly Results
433,Lahoti Over,14-Feb-2020,Quarterly Results & Interim Dividend
434,La Opala RG,14-Feb-2020,Quarterly Results & Interim Dividend
435,Link Pharmachem,14-Feb-2020,Quarterly Results
436,Lakhotia Poly,14-Feb-2020,Quarterly Results
437,Gujarat Natural,14-Feb-2020,Quarterly Results
438,Lippi System,14-Feb-2020,Quarterly Results
439,Lohia Sec,14-Feb-2020,Quarterly Results
440,Lakshmi Vilas,14-Feb-2020,Quarterly Results
441,LWS Knitwear,14-Feb-2020,Quarterly Results
442,Marsons,14-Feb-2020,Quarterly Results
443,Mukand,14-Feb-2020,Quarterly Results
444,Modipon,14-Feb-2020,Quarterly Results
445,MD,14-Feb-2020,Quarterly Results
446,Mefcom Agro Ind,14-Feb-2020,Quarterly Results
447,Manpasand Bever,14-Feb-2020,Quarterly Results
448,Mcnally Bh Engg,14-Feb-2020,Quarterly Results
449,Mukesh Babu Fin,14-Feb-2020,Quarterly Results
450,Mangalam Cement,14-Feb-2020,Quarterly Results
451,Marg,14-Feb-2020,Quarterly Results
452,Pagaria Energy,14-Feb-2020,Quarterly Results
453,Metal Coatings,14-Feb-2020,Quarterly Results
454,Munoth Capital,14-Feb-2020,Quarterly Results
455,Samyak Intl,14-Feb-2020,Quarterly Results
456,Modern Dairies,14-Feb-2020,Quarterly Results
457,Modern Denim,14-Feb-2020,Quarterly Results
458,Mayukh Dealtrad,14-Feb-2020,Quarterly Results
459,McDowell Hold,14-Feb-2020,Quarterly Results
460,Mukund Engg,14-Feb-2020,Quarterly Results
461,Colorchips New ,14-Feb-2020,Quarterly Results
462,Maestros Elect,14-Feb-2020,Quarterly Results
463,Morarka Finance,14-Feb-2020,Quarterly Results
464,Muthoot Finance,14-Feb-2020,Quarterly Results & Others
465,Mishtann Foods,14-Feb-2020,Quarterly Results & Others
466,Manipal Finance,14-Feb-2020,Quarterly Results
467,Minolta Finance,14-Feb-2020,Quarterly Results
468,Madhur Ind,14-Feb-2020,Quarterly Results
469,Sasta Sundar,14-Feb-2020,Quarterly Results
470,IO System,14-Feb-2020,Quarterly Results
471,Marg Projects,14-Feb-2020,Quarterly Results
472,Millennium,14-Feb-2020,Quarterly Results
473,Mideast India,14-Feb-2020,Quarterly Results
474,Modern Insulato,14-Feb-2020,Quarterly Results
475,Maruti Infra,14-Feb-2020,Quarterly Results
476,MBL Infra,14-Feb-2020,Quarterly Results
477,Man Infra,14-Feb-2020,Quarterly Results
478,Mahaveer Info,14-Feb-2020,Quarterly Results
479,M.D. Inducto,14-Feb-2020,Quarterly Results & Others
480,MEP Infra,14-Feb-2020,Quarterly Results
481,Orient Trade,14-Feb-2020,Quarterly Results
482,Mangalam Ind,14-Feb-2020,Quarterly Results
483,Microse India,14-Feb-2020,Quarterly Results
484,Madhav Infra Pr,14-Feb-2020,"Qty Results, Bonus & Stock Split"
485,Mideast Steels,14-Feb-2020,Quarterly Results
486,SpiceJet,14-Feb-2020,Quarterly Results
487,Morepen Lab,14-Feb-2020,Quarterly Results
488,E-Land Apparel,14-Feb-2020,Quarterly Results
489,Mercury Metals,14-Feb-2020,Quarterly Results
490,My Money Sec,14-Feb-2020,Quarterly Results
491,MMTC Ltd,14-Feb-2020,Quarterly Results
492,Cera Sanitary,14-Feb-2020,Interim Dividend
493,MPL Plastics,14-Feb-2020,Quarterly Results
494,MP Agro,14-Feb-2020,Quarterly Results
495,MP Agro Fert,14-Feb-2020,Quarterly Results
496,Anik Industries,14-Feb-2020,Quarterly Results
497,Moti Protein,14-Feb-2020,Quarterly Results
498,Mahalaxmi Rub,14-Feb-2020,Quarterly Results
499,Lerthai Finance,14-Feb-2020,Quarterly Results
500,Maximaa Systems,14-Feb-2020,Quarterly Results
501,Modern Steels,14-Feb-2020,Quarterly Results
502,MSP Steel,14-Feb-2020,Quarterly Results
503,Mipco Seamless,14-Feb-2020,Quarterly Results
504,Mahasagar Trav,14-Feb-2020,Quarterly Results
505,Master Trust,14-Feb-2020,Quarterly Results
506,Krishna Venture,14-Feb-2020,Quarterly Results
507,MTNL,14-Feb-2020,Quarterly Results
508,Mangalam Timber,14-Feb-2020,Quarterly Results
509,Marg Techno Pro,14-Feb-2020,Quarterly Results
510,Mauria Udyog,14-Feb-2020,Quarterly Results
511,ST Corporation,14-Feb-2020,Quarterly Results
512,Nile,14-Feb-2020,Quarterly Results & Interim Dividend
513,AARV Infratel,14-Feb-2020,Quarterly Results
514,Nikhil Adhesive,14-Feb-2020,Quarterly Results
515,Nagarjuna Ag,14-Feb-2020,Quarterly Results
516,Navkar Builders,14-Feb-2020,Quarterly Results
517,Royal India,14-Feb-2020,Quarterly Results
518,Nirav Comm,14-Feb-2020,Quarterly Results
519,Nexus Comm,14-Feb-2020,Quarterly Results & Others
520,New Markets Adv,14-Feb-2020,Quarterly Results
521,Niraj Cement,14-Feb-2020,Quarterly Results
522,Naga Dhunseri,14-Feb-2020,Quarterly Results
523,ND Metal,14-Feb-2020,Quarterly Results
524,Nel Holdings,14-Feb-2020,Quarterly Results
525,Monarch Net,14-Feb-2020,Quarterly Results
526,Northlink Fisc,14-Feb-2020,Quarterly Results
527,Nishtha Finance,14-Feb-2020,Quarterly Results
528,Nidhi Granites,14-Feb-2020,Quarterly Results
529,NG Industries,14-Feb-2020,Quarterly Results
530,National Ind,14-Feb-2020,Quarterly Results
531,Nila Infra,14-Feb-2020,Quarterly Results
532,Neogem India,14-Feb-2020,Quarterly Results
533,Nahar Ent,14-Feb-2020,Quarterly Results
534,Starteck Financ,14-Feb-2020,Quarterly Results
535,Narmada Macplas,14-Feb-2020,Quarterly Results
536,Nuway Organic N,14-Feb-2020,Quarterly Results
537,United Interact,14-Feb-2020,Quarterly Results
538,National Perox,14-Feb-2020,Quarterly Results
539,Nutraplus India,14-Feb-2020,Quarterly Results
540,Nagpur Power,14-Feb-2020,Quarterly Results
541,Neeraj Paper,14-Feb-2020,Quarterly Results
542,NR Intl,14-Feb-2020,Quarterly Results
543,Asit C Mehta,14-Feb-2020,Quarterly Results
544,Narayani Steels,14-Feb-2020,Quarterly Results
545,National Steel,14-Feb-2020,Quarterly Results
546,Nakoda,14-Feb-2020,Quarterly Results
547,Oripro,14-Feb-2020,Quarterly Results
548,Toyam Ind,14-Feb-2020,Quarterly Results
549,Omni Axs Soft,14-Feb-2020,Quarterly Results
550,Organic Coating,14-Feb-2020,Quarterly Results
551,Olympic Cards,14-Feb-2020,Quarterly Results
552,Opto Circuits,14-Feb-2020,Quarterly Results
553,Omansh Ente,14-Feb-2020,Quarterly Results
554,Ovobel Foods,14-Feb-2020,Quarterly Results
555,Oscar Global,14-Feb-2020,Quarterly Results
556,Olympia Ind,14-Feb-2020,Quarterly Results
557,Omnitex Ind,14-Feb-2020,Quarterly Results
558,Objectone Info,14-Feb-2020,Quarterly Results
559,OK Play,14-Feb-2020,Quarterly Results
560,Ortin Labs,14-Feb-2020,Quarterly Results
561,THINKINK PICTUR,14-Feb-2020,Quarterly Results
562,Orissa Minerals,14-Feb-2020,Quarterly Results
563,OM Metals Infra,14-Feb-2020,Quarterly Results
564,ONGC,14-Feb-2020,Quarterly Results
565,Omkar Overseas,14-Feb-2020,Quarterly Results
566,Olympic Oil Ind,14-Feb-2020,Quarterly Results
567,Orient Press,14-Feb-2020,Quarterly Results
568,Omkar Pharma,14-Feb-2020,Quarterly Results
569,India Sucrose,14-Feb-2020,Quarterly Results
570,Omkar Special,14-Feb-2020,Quarterly Results
571,Osiajee,14-Feb-2020,Quarterly Results
572,Pfizer,14-Feb-2020,Quarterly Results
573,Premier,14-Feb-2020,Quarterly Results
574,Shristi Infra,14-Feb-2020,Quarterly Results
575,Padmanabh Alloy,14-Feb-2020,Quarterly Results
576,Parvati Sweetne,14-Feb-2020,Quarterly Results
577,Panacea Biotec,14-Feb-2020,Quarterly Results
578,Pesti and Brew,14-Feb-2020,Quarterly Results
579,PBM Polytex,14-Feb-2020,Quarterly Results
580,Setubandhan Inf,14-Feb-2020,Quarterly Results
581,Purohit Constr,14-Feb-2020,Quarterly Results
582,Parsoli CapandF,14-Feb-2020,Quarterly Results
583,Punit Comm,14-Feb-2020,Quarterly Results
584,Panyam Cements,14-Feb-2020,Quarterly Results
585,Premium Capital,14-Feb-2020,Quarterly Results
586,Prime Capital,14-Feb-2020,Quarterly Results
587,P C Products,14-Feb-2020,Quarterly Results
588,Prozone Intu,14-Feb-2020,Quarterly Results
589,Parsvnath,14-Feb-2020,Quarterly Results
590,Prabhat Dairy,14-Feb-2020,Quarterly Results
591,PDS Multi,14-Feb-2020,Quarterly Results
592,Procal Electron,14-Feb-2020,Quarterly Results
593,PG Electroplast,14-Feb-2020,Quarterly Results
594,Purple Entertai,14-Feb-2020,Quarterly Results
595,Positive Elect,14-Feb-2020,Quarterly Results
596,Petron Engg,14-Feb-2020,Quarterly Results
597,Pan Electroncis,14-Feb-2020,Quarterly Results & Others
598,Sambhaav Media,14-Feb-2020,Quarterly Results
599,SVC Resources,14-Feb-2020,Quarterly Results
600,Prism Finance,14-Feb-2020,Quarterly Results
601,Prime Focus,14-Feb-2020,Quarterly Results
602,Future Ent,14-Feb-2020,Quarterly Results
603,Premco Global,14-Feb-2020,Quarterly Results
604,PG Foils,14-Feb-2020,Quarterly Results
605,Polo Hotels,14-Feb-2020,Quarterly Results
606,Pawansut,14-Feb-2020,Quarterly Results
607,Pioneer Invest,14-Feb-2020,Quarterly Results
608,Prime Industrie,14-Feb-2020,Quarterly Results
609,Thakral Service,14-Feb-2020,Quarterly Results
610,Pochiraju Ind,14-Feb-2020,Quarterly Results
611,Panafic Ind,14-Feb-2020,Quarterly Results
612,Pushpsons Ind,14-Feb-2020,Quarterly Results
613,Polymechplast,14-Feb-2020,Quarterly Results
614,Wanbury,14-Feb-2020,Quarterly Results
615,Panchsheel Org,14-Feb-2020,Quarterly Results
616,Promact Impex,14-Feb-2020,Quarterly Results
617,Gennex Labs,14-Feb-2020,Audited Results
618,Puravankara,14-Feb-2020,Quarterly Results
619,Planters Poly,14-Feb-2020,Quarterly Results
620,CDG PETCHEM,14-Feb-2020,Quarterly Results
621,Polylink Polyme,14-Feb-2020,Quarterly Results
622,Pithampur Poly,14-Feb-2020,Quarterly Results
623,Pankaj Piyush,14-Feb-2020,Quarterly Results
624,Soril Infra Res,14-Feb-2020,Quarterly Results
625,FEL,14-Feb-2020,Quarterly Results
626,Panchmahal Stee,14-Feb-2020,Quarterly Results
627,Parle  Indus,14-Feb-2020,Quarterly Results & Others
628,Pentamedia,14-Feb-2020,Quarterly Results
629,Pasupati Spin,14-Feb-2020,Quarterly Results
630,Padmalaya Tele,14-Feb-2020,Quarterly Results
631,Phoenix Town,14-Feb-2020,Quarterly Results
632,PreciousTrading,14-Feb-2020,Quarterly Results
633,Punctual Trad,14-Feb-2020,Quarterly Results
634,Quantum Build,14-Feb-2020,Quarterly Results
635,Quest Financial,14-Feb-2020,Quarterly Results
636,Premier Pipes,14-Feb-2020,Quarterly Results
637,Rollatainers,14-Feb-2020,Quarterly Results
638,Rapicut Carbide,14-Feb-2020,Quarterly Results
639,Regency Ceramic,14-Feb-2020,Quarterly Results
640,Rajasthan Cylin,14-Feb-2020,Quarterly Results
641,Rel Capital,14-Feb-2020,Quarterly Results
642,Riddhi Corp,14-Feb-2020,Quarterly Results
643,Royal Cushion,14-Feb-2020,Quarterly Results
644,Reliance Comm,14-Feb-2020,Quarterly Results
645,Rainbow Denim,14-Feb-2020,Quarterly Results
646,Rushil Decor,14-Feb-2020,Quarterly Results
647,KMG Milk Food,14-Feb-2020,Quarterly Results
648,RDB Realty,14-Feb-2020,Quarterly Results
649,Roxy Exports,14-Feb-2020,Quarterly Results
650,Remi Elektrotec,14-Feb-2020,Quarterly Results
651,Rasandik Engg,14-Feb-2020,Quarterly Results
652,Relic Life Scie,14-Feb-2020,Quarterly Results
653,Regal Entertain,14-Feb-2020,Quarterly Results
654,Rainbow Foundat,14-Feb-2020,Quarterly Results
655,RGF Capital Mar,14-Feb-2020,Quarterly Results
656,Wellness Noni,14-Feb-2020,Quarterly Results
657,Reliance Home F,14-Feb-2020,Quarterly Results
658,Raghunath Inves,14-Feb-2020,Quarterly Results
659,Ram Informatics,14-Feb-2020,Quarterly Results
660,Rammaica,14-Feb-2020,Quarterly Results & Others
661,Ritesh Prop,14-Feb-2020,Quarterly Results
662,Roopa Ind,14-Feb-2020,Quarterly Results
663,Response Info,14-Feb-2020,Quarterly Results
664,Rajvir Ind,14-Feb-2020,Quarterly Results
665,Tricom Fruit,14-Feb-2020,Quarterly Results
666,Rapid Investmen,14-Feb-2020,Quarterly Results
667,RPP Infra Proj,14-Feb-2020,Quarterly Results
668,RCI Industries,14-Feb-2020,Quarterly Results
669,Rajkot Invest,14-Feb-2020,Quarterly Results
670,Ravi Kumar Dist,14-Feb-2020,Quarterly Results
671,Raymed Labs,14-Feb-2020,Quarterly Results
672,Rekvina Labs,14-Feb-2020,Quarterly Results
673,Ravi Leela Gran,14-Feb-2020,Quarterly Results
674,Radha Madhav,14-Feb-2020,Quarterly Results
675,Royale Manor,14-Feb-2020,Quarterly Results
676,Remi Edelstahl,14-Feb-2020,Quarterly Results
677,Rubra Medicamen,14-Feb-2020,Quarterly Results
678,Mohite Ind,14-Feb-2020,Quarterly Results
679,Radaan Media,14-Feb-2020,Quarterly Results
680,Raj Oil Mills,14-Feb-2020,Quarterly Results
681,Reliance Power,14-Feb-2020,Quarterly Results
682,Relish Pharma,14-Feb-2020,Quarterly Results
683,Rishi Techtex,14-Feb-2020,Quarterly Results & Others
684,Nath Industries,14-Feb-2020,Quarterly Results
685,Remi Process,14-Feb-2020,Quarterly Results
686,Raasi Refract,14-Feb-2020,Quarterly Results
687,Refnol Resin,14-Feb-2020,Quarterly Results
688,RDB Rasayans,14-Feb-2020,Quarterly Results
689,Mohota Ind,14-Feb-2020,Quarterly Results
690,Rana Sugars,14-Feb-2020,Quarterly Results
691,Ranjit Sec,14-Feb-2020,Quarterly Results
692,Rajshree Sugars,14-Feb-2020,Quarterly Results
693,Riga Sugar,14-Feb-2020,Quarterly Results
694,RSD Finance,14-Feb-2020,Quarterly Results
695,RSD Finance Lim,14-Feb-2020,Quarterly Results
696,Remi Sales,14-Feb-2020,Quarterly Results
697,Ruchi Soya,14-Feb-2020,Quarterly Results
698,Kridhan Infra,14-Feb-2020,Quarterly Results
699,Rishabh Yarn,14-Feb-2020,Quarterly Results
700,Regency Trust,14-Feb-2020,Quarterly Results
701,RTCL,14-Feb-2020,Quarterly Results
702,Raj Tube,14-Feb-2020,Quarterly Results
703,RTS Power Corp,14-Feb-2020,Quarterly Results
704,Sandesh,14-Feb-2020,Quarterly Results & Interim Dividend
705,Ujaas Energy,14-Feb-2020,Quarterly Results
706,Sreeleathers,14-Feb-2020,Quarterly Results
707,Sical Logistics,14-Feb-2020,Quarterly Results
708,SAIL,14-Feb-2020,Quarterly Results
709,Sudal Ind,14-Feb-2020,Quarterly Results
710,Standard Batter,14-Feb-2020,Quarterly Results
711,SBEC Systems,14-Feb-2020,Quarterly Results
712,SBEC Sugars,14-Feb-2020,Quarterly Results
713,Super Bakers,14-Feb-2020,Quarterly Results
714,Sai Baba Invest,14-Feb-2020,Quarterly Results
715,Sadhna Broadcas,14-Feb-2020,Quarterly Results
716,Sinnar Bidi,14-Feb-2020,Quarterly Results
717,Shree Cements,14-Feb-2020,Quarterly Results & Interim Dividend
718,Simplex Casting,14-Feb-2020,Quarterly Results
719,Starlite Compo,14-Feb-2020,Quarterly Results
720,Shukra Capitals,14-Feb-2020,Quarterly Results
721,Saumya Consult,14-Feb-2020,Quarterly Results
722,Somi Conveyor,14-Feb-2020,Quarterly Results
723,Saurashtra Cem,14-Feb-2020,Interim Dividend
724,Suri Capital,14-Feb-2020,Quarterly Results
725,Sanmitra Commer,14-Feb-2020,Quarterly Results
726,Sai Capital Ltd,14-Feb-2020,Quarterly Results
727,Simplex Infra,14-Feb-2020,Quarterly Results
728,Systematix Corp,14-Feb-2020,Quarterly Results
729,Solid Carbide,14-Feb-2020,Quarterly Results
730,Shailja Comm.,14-Feb-2020,Quarterly Results
731,Span Diagnostic,14-Feb-2020,Quarterly Results
732,Shangar Decor,14-Feb-2020,Quarterly Results
733,Shukra Diamonds,14-Feb-2020,Quarterly Results
734,Sunraj Diamond,14-Feb-2020,Quarterly Results
735,SVP Global,14-Feb-2020,Quarterly Results
736,Super Domestic,14-Feb-2020,Quarterly Results
737,Sirhind Enter,14-Feb-2020,Quarterly Results
738,Sadbhav Engg,14-Feb-2020,Quarterly Results & Others
739,Swojas Energy,14-Feb-2020,Quarterly Results
740,Welcon Internat,14-Feb-2020,Quarterly Results
741,Shanti Educatio,14-Feb-2020,Quarterly Results
742,Sunedison Infra,14-Feb-2020,Quarterly Results
743,Shalibhadra Fin,14-Feb-2020,Quarterly Results
744,ExplicitFinance,14-Feb-2020,Quarterly Results
745,SNS Textiles,14-Feb-2020,Quarterly Results
746,Sakthi Finance,14-Feb-2020,Quarterly Results
747,Syncom Formula,14-Feb-2020,Quarterly Results
748,Indus Finance,14-Feb-2020,Quarterly Results
749,Synthiko Foils,14-Feb-2020,Quarterly Results
750,Santosh Fine-Fa,14-Feb-2020,Quarterly Results
751,VJTF,14-Feb-2020,Quarterly Results
752,Surya Funcity,14-Feb-2020,Quarterly Results
753,Jaipan Inds,14-Feb-2020,Quarterly Results
754,Suchitra Fin,14-Feb-2020,Quarterly Results
755,Sharad Fibres,14-Feb-2020,Quarterly Results
756,Scanpoint Geo,14-Feb-2020,Quarterly Results
757,Siddheswari Gar,14-Feb-2020,Quarterly Results
758,Sea Gold Aqua,14-Feb-2020,Quarterly Results
759,SGN Cable,14-Feb-2020,Quarterly Results
760,Savera Ind,14-Feb-2020,Quarterly Results
761,Sayaji Hotels,14-Feb-2020,Quarterly Results
762,Responsive Ind,14-Feb-2020,Quarterly Results
763,Syncom Health,14-Feb-2020,Quarterly Results
764,Sakar Healthcar,14-Feb-2020,Quarterly Results
765,SSIL,14-Feb-2020,Quarterly Results
766,Shree Hari Chem,14-Feb-2020,Quarterly Results
767,Sangam Health,14-Feb-2020,Quarterly Results
768,Shivkamal Impex,14-Feb-2020,Quarterly Results
769,Vama Ind,14-Feb-2020,Quarterly Results
770,Satvahana Ispat,14-Feb-2020,Quarterly Results
771,Shivagrico Impl,14-Feb-2020,Quarterly Results
772,Shricon Ind,14-Feb-2020,Quarterly Results
773,Spenta Intl,14-Feb-2020,Quarterly Results
774,Gayatri Bio,14-Feb-2020,Quarterly Results
775,Sujana Uni,14-Feb-2020,Quarterly Results
776,Sunil Ind,14-Feb-2020,Quarterly Results
777,Silverpoint,14-Feb-2020,Quarterly Results
778,Sanco Ind,14-Feb-2020,Quarterly Results
779,Sybly Ind,14-Feb-2020,Quarterly Results
780,Sharp Invest,14-Feb-2020,Quarterly Results
781,Sheshadri Ind,14-Feb-2020,Quarterly Results
782,Southern Infosy,14-Feb-2020,Quarterly Results
783,Spice Island,14-Feb-2020,Quarterly Results
784,Surya Industria,14-Feb-2020,Quarterly Results
785,CES Limited,14-Feb-2020,Quarterly Results
786,Magellanic,14-Feb-2020,Quarterly Results & Others
787,Share India Sec,14-Feb-2020,Quarterly Results
788,Symbiox Invest,14-Feb-2020,Quarterly Results
789,Sueryaa Knitwea,14-Feb-2020,Quarterly Results
790,Sri Krishna Con,14-Feb-2020,Quarterly Results
791,S Kumars.com,14-Feb-2020,Quarterly Results
792,SKS,14-Feb-2020,Quarterly Results
793,Superhouse,14-Feb-2020,Quarterly Results
794,Finkurve Fin,14-Feb-2020,Quarterly Results & Others
795,MSR India,14-Feb-2020,Quarterly Results
796,Sabrimala Indd,14-Feb-2020,Quarterly Results & Others
797,Atlanta Devcon,14-Feb-2020,Quarterly Results
798,Simmonds-Marsha,14-Feb-2020,Quarterly Results
799,Swan Energy,14-Feb-2020,Quarterly Results
800,Southern Magnes,14-Feb-2020,Quarterly Results & Others
801,SMC Credits,14-Feb-2020,Quarterly Results
802,SM Energy,14-Feb-2020,Quarterly Results
803,Sandur Manganes,14-Feb-2020,Quarterly Results
804,SMS Lifescience,14-Feb-2020,Quarterly Results
805,Svarnim Trade U,14-Feb-2020,Quarterly Results
806,Shree Nidhi Tra,14-Feb-2020,Quarterly Results
807,Seya Industries,14-Feb-2020,Quarterly Results
808,Samrat Pharma,14-Feb-2020,Quarterly Results
809,Sandu Pharma,14-Feb-2020,Quarterly Results
810,Sarda Papers,14-Feb-2020,Quarterly Results
811,Sturdy Ind,14-Feb-2020,Quarterly Results
812,Samkrg Pistons,14-Feb-2020,Interim Dividend
813,Stellant Sec,14-Feb-2020,Quarterly Results
814,Special Papers,14-Feb-2020,Quarterly Results
815,SCSL,14-Feb-2020,Quarterly Results
816,SIT,14-Feb-2020,Quarterly Results
817,Shree Pushkar,14-Feb-2020,Quarterly Results & Interim Dividend
818,Shakti Pumps,14-Feb-2020,Quarterly Results & Others
819,Superb Papers,14-Feb-2020,Quarterly Results
820,SPS Intl,14-Feb-2020,Quarterly Results
821,Sunstar Realty,14-Feb-2020,Quarterly Results
822,SREI Infra,14-Feb-2020,Quarterly Results
823,Kama Holdings,14-Feb-2020,Quarterly Results
824,SR Industries,14-Feb-2020,Quarterly Results
825,Shree Rajesh Pa,14-Feb-2020,Quarterly Results
826,Shree Rajasthan,14-Feb-2020,Quarterly Results
827,SRU Steels Limi,14-Feb-2020,Quarterly Results
828,Sakthi Sugars,14-Feb-2020,Quarterly Results
829,Sparc Systems,14-Feb-2020,Quarterly Results
830,Standard Surfac,14-Feb-2020,Quarterly Results
831,Svam Software,14-Feb-2020,Quarterly Results
832,Satyam Silk,14-Feb-2020,Quarterly Results
833,Suncity Synt,14-Feb-2020,Quarterly Results
834,Sun Source,14-Feb-2020,Quarterly Results
835,Shree Salasar,14-Feb-2020,Quarterly Results
836,VEDAVAAG System,14-Feb-2020,Quarterly Results
837,Sri Havisha,14-Feb-2020,Quarterly Results
838,Sagar Systech,14-Feb-2020,Quarterly Results
839,Suryavanshi Spg,14-Feb-2020,Quarterly Results
840,Suryaamba Spin,14-Feb-2020,Others
841,SS Organics,14-Feb-2020,Quarterly Results
842,Sagar Soya,14-Feb-2020,Quarterly Results
843,Cella Space Ltd,14-Feb-2020,Quarterly Results
844,JTEKT India ,14-Feb-2020,Quarterly Results
845,Crimson Metal,14-Feb-2020,Quarterly Results
846,Sterling Tools,14-Feb-2020,Quarterly Results
847,Sarup Ind,14-Feb-2020,Quarterly Results
848,Super Tannery,14-Feb-2020,Quarterly Results
849,Neueon Towers,14-Feb-2020,Quarterly Results
850,7Seas Tech,14-Feb-2020,Quarterly Results
851,Svaraj Trading ,14-Feb-2020,Quarterly Results
852,Step Two Corp,14-Feb-2020,Quarterly Results
853,Apis India,14-Feb-2020,Quarterly Results
854,STI India,14-Feb-2020,Quarterly Results
855,Surat Textile,14-Feb-2020,Quarterly Results
856,Sea TV Network,14-Feb-2020,Quarterly Results
857,Sophia Traexpo,14-Feb-2020,Quarterly Results
858,Sun TV Network,14-Feb-2020,Quarterly Results & Interim Dividend
859,SVA India,14-Feb-2020,Quarterly Results
860,SVC Superchem,14-Feb-2020,Quarterly Results
861,Skyline Venture,14-Feb-2020,Quarterly Results
862,S.V. Trading,14-Feb-2020,Quarterly Results
863,Mahavir Ind,14-Feb-2020,Quarterly Results
864,Balaxi Ventures,14-Feb-2020,Quarterly Results
865,Technofab Engg,14-Feb-2020,Quarterly Results
866,Trans & Electr,14-Feb-2020,Quarterly Results
867,Tarai Foods,14-Feb-2020,Quarterly Results
868,Tokyo Finance,14-Feb-2020,Quarterly Results
869,Tirupati Fin,14-Feb-2020,Quarterly Results
870,Trans Freight,14-Feb-2020,Quarterly Results
871,Trans Financial,14-Feb-2020,Quarterly Results
872,Typhoon Fin.,14-Feb-2020,Quarterly Results
873,The Grob Tea,14-Feb-2020,Quarterly Results
874,Tejnaksh,14-Feb-2020,Quarterly Results
875,Universal Arts,14-Feb-2020,Quarterly Results
876,PVV Infra,14-Feb-2020,Quarterly Results
877,Trijal Ind,14-Feb-2020,Quarterly Results
878,TandI Global,14-Feb-2020,Quarterly Results
879,Aplaya Creation,14-Feb-2020,Quarterly Results
880,Mangal Credit,14-Feb-2020,Quarterly Results
881,Tulsyan NEC,14-Feb-2020,Quarterly Results
882,Tinna Rubber an,14-Feb-2020,Quarterly Results
883,Triochem Prods,14-Feb-2020,Quarterly Results
884,Thirani Project,14-Feb-2020,Quarterly Results
885,Texmo Pipes,14-Feb-2020,Quarterly Results
886,TRF,14-Feb-2020,Audited & Quarterly Results
887,Transformers,14-Feb-2020,Quarterly Results
888,Twinstar Ind,14-Feb-2020,Quarterly Results
889,Tamil SteelTube,14-Feb-2020,Quarterly Results
890,AGC Networks,14-Feb-2020,Quarterly Results
891,Tarapur Trans,14-Feb-2020,Quarterly Results
892,Tyroon Tea,14-Feb-2020,Quarterly Results
893,Terai Tea Co,14-Feb-2020,Quarterly Results
894,Tide Water Oil,14-Feb-2020,Quarterly Results & Interim Dividend
895,CIAN Agro Indus,14-Feb-2020,Quarterly Results
896,Upasana Finance,14-Feb-2020,Quarterly Results
897,Ushakiran Fin,14-Feb-2020,Quarterly Results
898,Unitech Inter,14-Feb-2020,Quarterly Results
899,Unison Metals,14-Feb-2020,Quarterly Results
900,Usha Martin Edu,14-Feb-2020,Quarterly Results
901,UFO Moviez,14-Feb-2020,Quarterly Results
902,Unimode Oversea,14-Feb-2020,Quarterly Results
903,Universal Prime,14-Feb-2020,Quarterly Results
904,Unisys Soft,14-Feb-2020,Quarterly Results
905,Filatex Fashion,14-Feb-2020,Quarterly Results & Others
906,Uniworth Securi,14-Feb-2020,Quarterly Results
907,Uttam Sugar,14-Feb-2020,Quarterly Results
908,Unipro Technolo,14-Feb-2020,Quarterly Results
909,Uniroyal,14-Feb-2020,Quarterly Results
910,Kings Infra,14-Feb-2020,Quarterly Results & Others
911,CaprolactumChem,14-Feb-2020,Quarterly Results
912,VCK Capital,14-Feb-2020,Quarterly Results
913,Vipul Organics,14-Feb-2020,Quarterly Results
914,VCU Data Mgmt,14-Feb-2020,Quarterly Results
915,Valecha Engg,14-Feb-2020,Quarterly Results
916,Vax Housing,14-Feb-2020,Quarterly Results
917,Vishal Fabrics,14-Feb-2020,Quarterly Results
918,Vegepro Foods,14-Feb-2020,Quarterly Results
919,Anupam Finserv ,14-Feb-2020,Quarterly Results
920,Ventura Guarant,14-Feb-2020,Quarterly Results
921,Sri Vajra Gran,14-Feb-2020,Quarterly Results
922,Vibrant Global,14-Feb-2020,Quarterly Results
923,Supra Trends,14-Feb-2020,Quarterly Results
924,Visu Intl,14-Feb-2020,Quarterly Results
925,V-Guard Ind,14-Feb-2020,Interim Dividend
926,Vaswani Ind,14-Feb-2020,Quarterly Results & Others
927,Vitesse Agro Li,14-Feb-2020,Quarterly Results
928,USG Tech,14-Feb-2020,Quarterly Results
929,Vivimed Labs,14-Feb-2020,Quarterly Results
930,N2N Tech,14-Feb-2020,Quarterly Results
931,Valley Magnes.,14-Feb-2020,Quarterly Results
932,Kellton Tech,14-Feb-2020,Quarterly Results
933,TeleCanor Glob,14-Feb-2020,Quarterly Results
934,Vegetable Prod,14-Feb-2020,Quarterly Results
935,Vinayak Polycon,14-Feb-2020,Quarterly Results
936,Vamshi Rubber,14-Feb-2020,Quarterly Results
937,Vallabh Steels,14-Feb-2020,Quarterly Results
938,Vijay Solvex,14-Feb-2020,Quarterly Results & Others
939,Vintage Sec,14-Feb-2020,Quarterly Results
940,Vadivarhe Speci,14-Feb-2020,Quarterly Results
941,Vardhman Hold,14-Feb-2020,Quarterly Results
942,Vishwaraj Sugar,14-Feb-2020,Quarterly Results
943,Vinaditya Trad,14-Feb-2020,Quarterly Results
944,Vision Cinemas,14-Feb-2020,Quarterly Results
945,Vikas WSP,14-Feb-2020,Quarterly Results
946,Weizmann,14-Feb-2020,Quarterly Results
947,Winsome Brew,14-Feb-2020,Quarterly Results
948,WH Brady,14-Feb-2020,Quarterly Results
949,Wisec Global,14-Feb-2020,Quarterly Results
950,Worldwide Alu,14-Feb-2020,Quarterly Results
951,WPIL,14-Feb-2020,Quarterly Results
952,WS Industries,14-Feb-2020,Quarterly Results
953,Warren Tea,14-Feb-2020,Quarterly Results
954,Garnet Intl,14-Feb-2020,Quarterly Results
955,HKG,14-Feb-2020,Others
956,Yamini Invt,14-Feb-2020,Quarterly Results
957,Diligent Ind,14-Feb-2020,Quarterly Results
958,Yogi-Sung-Won,14-Feb-2020,Quarterly Results
959,Zuari Global,14-Feb-2020,Quarterly Results
960,Zeal Aqua ,14-Feb-2020,Quarterly Results
961,Zenithexpo,14-Feb-2020,Quarterly Results
962,Dhampure Specia,15-Feb-2020,Quarterly Results
963,Hindcon Chemica,15-Feb-2020,Dividend & Others
964,Swelect Energy,15-Feb-2020,Interim Dividend
965,Radhe Developer,15-Feb-2020,Others
966,UFM Industries ,15-Feb-2020,Quarterly Results
967,Accord Synergy,17-Feb-2020,Others
968,Junction Fabric,17-Feb-2020,Bonus issue
969,Kaira Can,17-Feb-2020,Interim Dividend
970,Toyam Ind,17-Feb-2020,Others
971,Orchid Pharma,17-Feb-2020,Quarterly Results
972,Huhtamaki PPL,17-Feb-2020,Audited Results & Final Dividend
973,Ultracab India,17-Feb-2020,Others
974,Berger Paints,18-Feb-2020,Interim Dividend
975,ABM Knowledg,18-Feb-2020,Interim Dividend
976,Megri Soft,18-Feb-2020,Others
977,Silicon Valley,18-Feb-2020,Voluntary Delisting of Shares
978,Poly Medicure,18-Feb-2020,Interim Dividend
979,HBL Power,18-Feb-2020,Interim Dividend
980,Indosolar,19-Feb-2020,Audited & Quarterly Results
981,JLL,19-Feb-2020,Quarterly Results
982,Kabra Drugs,19-Feb-2020,Others
983,MAS Financial S,19-Feb-2020,Interim Dividend
984,Trident,20-Feb-2020,Third Interim Dividend
985,BF Investment,20-Feb-2020,Quarterly Results
986,Ambuja Cements,20-Feb-2020,Audited Results & Final Dividend
987,JB Chemicals,20-Feb-2020,Interim Dividend
988,Titaanium Ten E,20-Feb-2020,Preferential Issue of shares
989,Vesuvius India,21-Feb-2020,Audited Results & Final Dividend
990,Avanti Feeds,24-Feb-2020,Interim Dividend
991,Elantas Beck,25-Feb-2020,Audited Results & Final Dividend
992,Sanofi India,25-Feb-2020,Audited Results & Final Dividend
993,JBF Industries,25-Feb-2020,Quarterly Results
994,Wonderla,25-Feb-2020,Interim Dividend
995,Mahindra CIE,26-Feb-2020,Audited Results
996,IOB,27-Feb-2020,Preferential Issue of shares
997,KSB Pumps,27-Feb-2020,Audited Results & Dividend
998,Apar Ind,28-Feb-2020,Interim Dividend
999,Rain Industries,28-Feb-2020,Audited Results
1000,Nava Bharat Ven,02-Mar-2020,Interim Dividend
1001,Bombay Potterie,06-Mar-2020,Others
1002,Elgi Equipments,06-Mar-2020,Interim Dividend
1003,Transport Corp,19-May-2020,Audited Results
1004,Venlon Polyeste,30-May-2020,Audited Results
